"ID","percent_cope","feedback","condition","ROI"
"f01",0.4693,"VS","G","L_mIPS"
"f01",0.5091,"VS","G","L_Cerebellum (Crus I)"
"f01",1.145,"VS","G","R_S1"
"f01",0.7276,"VS","G","L_aIPS"
"f01",0.6263,"VS","G","R_Cerebellum (I-IV)"
"f01",1.298,"VS","G","R_PMv"
"f01",0.679,"VS","G","R_Cerebellum (VIIb)"
"f01",0.9716,"VS","G","L_Cerebellum (Crus VIIb)"
"f01",0.6738,"VS","G","L_Cerebellum (VIIIa)_1"
"f01",0.8764,"VS","G","L_Cerebellum (Crus I/II)_2"
"f01",0.7775,"VS","G","R_Cerebellum (VIIa)"
"f01",1.031,"VS","G","L_S1"
"f01",0.6845,"VS","G","R_POJ"
"f01",0.4775,"VS","G","L_PMd"
"f01",1.38,"VS","G","L_Cerebellum (Crus I)_2"
"f01",1.334,"VS","G","L_S1/M1/PMd"
"f01",1.252,"VS","G","R_Cerebellum (Crus I)"
"f01",1.041,"VS","G","L_PMv"
"f01",0.972,"VS","G","R_IPS/SPC"
"f02",0.1268,"VS","G","L_mIPS"
"f02",-0.2992,"VS","G","L_Cerebellum (Crus I)"
"f02",0.2661,"VS","G","R_S1"
"f02",0.3688,"VS","G","L_aIPS"
"f02",0.4786,"VS","G","R_Cerebellum (I-IV)"
"f02",0.7114,"VS","G","R_PMv"
"f02",0.3655,"VS","G","R_Cerebellum (VIIb)"
"f02",0.4407,"VS","G","L_Cerebellum (Crus VIIb)"
"f02",0.3984,"VS","G","L_Cerebellum (VIIIa)_1"
"f02",0.06168,"VS","G","L_Cerebellum (Crus I/II)_2"
"f02",1.504,"VS","G","R_Cerebellum (VIIa)"
"f02",0.665,"VS","G","L_S1"
"f02",0.8351,"VS","G","R_POJ"
"f02",0.674,"VS","G","L_PMd"
"f02",0.7549,"VS","G","L_Cerebellum (Crus I)_2"
"f02",1.281,"VS","G","L_S1/M1/PMd"
"f02",1.088,"VS","G","R_Cerebellum (Crus I)"
"f02",0.4002,"VS","G","L_PMv"
"f02",0.9434,"VS","G","R_IPS/SPC"
"f03",0.2759,"VS","G","L_mIPS"
"f03",0.1283,"VS","G","L_Cerebellum (Crus I)"
"f03",0.9337,"VS","G","R_S1"
"f03",0.295,"VS","G","L_aIPS"
"f03",0.117,"VS","G","R_Cerebellum (I-IV)"
"f03",0.5231,"VS","G","R_PMv"
"f03",-0.1129,"VS","G","R_Cerebellum (VIIb)"
"f03",0.3427,"VS","G","L_Cerebellum (Crus VIIb)"
"f03",0.01111,"VS","G","L_Cerebellum (VIIIa)_1"
"f03",0.1551,"VS","G","L_Cerebellum (Crus I/II)_2"
"f03",0.9289,"VS","G","R_Cerebellum (VIIa)"
"f03",0.5009,"VS","G","L_S1"
"f03",0.2298,"VS","G","R_POJ"
"f03",0.06807,"VS","G","L_PMd"
"f03",0.7508,"VS","G","L_Cerebellum (Crus I)_2"
"f03",0.686,"VS","G","L_S1/M1/PMd"
"f03",0.633,"VS","G","R_Cerebellum (Crus I)"
"f03",0.2034,"VS","G","L_PMv"
"f03",0.2109,"VS","G","R_IPS/SPC"
"f04",0.2373,"VS","G","L_mIPS"
"f04",-0.07002,"VS","G","L_Cerebellum (Crus I)"
"f04",1.261,"VS","G","R_S1"
"f04",1.057,"VS","G","L_aIPS"
"f04",0.3537,"VS","G","R_Cerebellum (I-IV)"
"f04",0.2701,"VS","G","R_PMv"
"f04",0.5724,"VS","G","R_Cerebellum (VIIb)"
"f04",0.6076,"VS","G","L_Cerebellum (Crus VIIb)"
"f04",0.4032,"VS","G","L_Cerebellum (VIIIa)_1"
"f04",0.4063,"VS","G","L_Cerebellum (Crus I/II)_2"
"f04",1.267,"VS","G","R_Cerebellum (VIIa)"
"f04",0.8995,"VS","G","L_S1"
"f04",1.172,"VS","G","R_POJ"
"f04",-0.05396,"VS","G","L_PMd"
"f04",0.8265,"VS","G","L_Cerebellum (Crus I)_2"
"f04",0.7935,"VS","G","L_S1/M1/PMd"
"f04",0.4732,"VS","G","R_Cerebellum (Crus I)"
"f04",0.1274,"VS","G","L_PMv"
"f04",0.6193,"VS","G","R_IPS/SPC"
"f05",-0.2841,"VS","G","L_mIPS"
"f05",0.03849,"VS","G","L_Cerebellum (Crus I)"
"f05",0.1721,"VS","G","R_S1"
"f05",0.05988,"VS","G","L_aIPS"
"f05",0.3352,"VS","G","R_Cerebellum (I-IV)"
"f05",0.4253,"VS","G","R_PMv"
"f05",0.3357,"VS","G","R_Cerebellum (VIIb)"
"f05",0.323,"VS","G","L_Cerebellum (Crus VIIb)"
"f05",0.05771,"VS","G","L_Cerebellum (VIIIa)_1"
"f05",0.06791,"VS","G","L_Cerebellum (Crus I/II)_2"
"f05",1.645,"VS","G","R_Cerebellum (VIIa)"
"f05",0.09479,"VS","G","L_S1"
"f05",0.5404,"VS","G","R_POJ"
"f05",0.3635,"VS","G","L_PMd"
"f05",0.5801,"VS","G","L_Cerebellum (Crus I)_2"
"f05",0.7077,"VS","G","L_S1/M1/PMd"
"f05",0.7265,"VS","G","R_Cerebellum (Crus I)"
"f05",-0.1878,"VS","G","L_PMv"
"f05",0.3585,"VS","G","R_IPS/SPC"
"f07",0.1377,"VS","G","L_mIPS"
"f07",0.1727,"VS","G","L_Cerebellum (Crus I)"
"f07",0.3064,"VS","G","R_S1"
"f07",0.3677,"VS","G","L_aIPS"
"f07",0.339,"VS","G","R_Cerebellum (I-IV)"
"f07",0.2682,"VS","G","R_PMv"
"f07",0.3943,"VS","G","R_Cerebellum (VIIb)"
"f07",0.3123,"VS","G","L_Cerebellum (Crus VIIb)"
"f07",0.6095,"VS","G","L_Cerebellum (VIIIa)_1"
"f07",0.3737,"VS","G","L_Cerebellum (Crus I/II)_2"
"f07",2.232,"VS","G","R_Cerebellum (VIIa)"
"f07",0.7157,"VS","G","L_S1"
"f07",0.3419,"VS","G","R_POJ"
"f07",0.2417,"VS","G","L_PMd"
"f07",1.269,"VS","G","L_Cerebellum (Crus I)_2"
"f07",0.7713,"VS","G","L_S1/M1/PMd"
"f07",0.5553,"VS","G","R_Cerebellum (Crus I)"
"f07",0.1353,"VS","G","L_PMv"
"f07",0.4182,"VS","G","R_IPS/SPC"
"f08",0.4509,"VS","G","L_mIPS"
"f08",-0.08136,"VS","G","L_Cerebellum (Crus I)"
"f08",0.8133,"VS","G","R_S1"
"f08",1.222,"VS","G","L_aIPS"
"f08",0.8807,"VS","G","R_Cerebellum (I-IV)"
"f08",1.327,"VS","G","R_PMv"
"f08",1.561,"VS","G","R_Cerebellum (VIIb)"
"f08",1.309,"VS","G","L_Cerebellum (Crus VIIb)"
"f08",0.7219,"VS","G","L_Cerebellum (VIIIa)_1"
"f08",0.5734,"VS","G","L_Cerebellum (Crus I/II)_2"
"f08",1.911,"VS","G","R_Cerebellum (VIIa)"
"f08",1.334,"VS","G","L_S1"
"f08",1.323,"VS","G","R_POJ"
"f08",0.1908,"VS","G","L_PMd"
"f08",0.7349,"VS","G","L_Cerebellum (Crus I)_2"
"f08",1.258,"VS","G","L_S1/M1/PMd"
"f08",1.401,"VS","G","R_Cerebellum (Crus I)"
"f08",0.4264,"VS","G","L_PMv"
"f08",0.9766,"VS","G","R_IPS/SPC"
"f09",0.5445,"VS","G","L_mIPS"
"f09",-0.02835,"VS","G","L_Cerebellum (Crus I)"
"f09",0.7192,"VS","G","R_S1"
"f09",0.5992,"VS","G","L_aIPS"
"f09",0.4136,"VS","G","R_Cerebellum (I-IV)"
"f09",0.7825,"VS","G","R_PMv"
"f09",0.3425,"VS","G","R_Cerebellum (VIIb)"
"f09",0.3624,"VS","G","L_Cerebellum (Crus VIIb)"
"f09",0.2718,"VS","G","L_Cerebellum (VIIIa)_1"
"f09",0.1383,"VS","G","L_Cerebellum (Crus I/II)_2"
"f09",1.228,"VS","G","R_Cerebellum (VIIa)"
"f09",0.9046,"VS","G","L_S1"
"f09",1.273,"VS","G","R_POJ"
"f09",0.8193,"VS","G","L_PMd"
"f09",0.9905,"VS","G","L_Cerebellum (Crus I)_2"
"f09",1.768,"VS","G","L_S1/M1/PMd"
"f09",0.7141,"VS","G","R_Cerebellum (Crus I)"
"f09",0.5572,"VS","G","L_PMv"
"f09",1.13,"VS","G","R_IPS/SPC"
"f10",0.02148,"VS","G","L_mIPS"
"f10",-0.2025,"VS","G","L_Cerebellum (Crus I)"
"f10",1.095,"VS","G","R_S1"
"f10",0.4598,"VS","G","L_aIPS"
"f10",0.5763,"VS","G","R_Cerebellum (I-IV)"
"f10",0.6526,"VS","G","R_PMv"
"f10",0.3167,"VS","G","R_Cerebellum (VIIb)"
"f10",0.1877,"VS","G","L_Cerebellum (Crus VIIb)"
"f10",-0.0278,"VS","G","L_Cerebellum (VIIIa)_1"
"f10",0.147,"VS","G","L_Cerebellum (Crus I/II)_2"
"f10",1.293,"VS","G","R_Cerebellum (VIIa)"
"f10",0.5482,"VS","G","L_S1"
"f10",0.5258,"VS","G","R_POJ"
"f10",0.2597,"VS","G","L_PMd"
"f10",0.3647,"VS","G","L_Cerebellum (Crus I)_2"
"f10",1.694,"VS","G","L_S1/M1/PMd"
"f10",0.7095,"VS","G","R_Cerebellum (Crus I)"
"f10",0.00237,"VS","G","L_PMv"
"f10",1.241,"VS","G","R_IPS/SPC"
"f11",0.4197,"VS","G","L_mIPS"
"f11",-0.2242,"VS","G","L_Cerebellum (Crus I)"
"f11",0.3579,"VS","G","R_S1"
"f11",0.4691,"VS","G","L_aIPS"
"f11",0.488,"VS","G","R_Cerebellum (I-IV)"
"f11",0.3781,"VS","G","R_PMv"
"f11",0.1334,"VS","G","R_Cerebellum (VIIb)"
"f11",-0.0744,"VS","G","L_Cerebellum (Crus VIIb)"
"f11",0.1576,"VS","G","L_Cerebellum (VIIIa)_1"
"f11",-0.4656,"VS","G","L_Cerebellum (Crus I/II)_2"
"f11",0.5901,"VS","G","R_Cerebellum (VIIa)"
"f11",0.8113,"VS","G","L_S1"
"f11",0.5116,"VS","G","R_POJ"
"f11",0.3924,"VS","G","L_PMd"
"f11",0.4071,"VS","G","L_Cerebellum (Crus I)_2"
"f11",1.195,"VS","G","L_S1/M1/PMd"
"f11",0.01285,"VS","G","R_Cerebellum (Crus I)"
"f11",-0.03285,"VS","G","L_PMv"
"f11",0.4915,"VS","G","R_IPS/SPC"
"f12",0.2099,"VS","G","L_mIPS"
"f12",-0.15,"VS","G","L_Cerebellum (Crus I)"
"f12",0.517,"VS","G","R_S1"
"f12",0.3088,"VS","G","L_aIPS"
"f12",0.2759,"VS","G","R_Cerebellum (I-IV)"
"f12",0.4116,"VS","G","R_PMv"
"f12",0.3765,"VS","G","R_Cerebellum (VIIb)"
"f12",0.4032,"VS","G","L_Cerebellum (Crus VIIb)"
"f12",0.18,"VS","G","L_Cerebellum (VIIIa)_1"
"f12",-0.06326,"VS","G","L_Cerebellum (Crus I/II)_2"
"f12",2.042,"VS","G","R_Cerebellum (VIIa)"
"f12",0.6513,"VS","G","L_S1"
"f12",0.3872,"VS","G","R_POJ"
"f12",0.03787,"VS","G","L_PMd"
"f12",0.4593,"VS","G","L_Cerebellum (Crus I)_2"
"f12",1.11,"VS","G","L_S1/M1/PMd"
"f12",0.8426,"VS","G","R_Cerebellum (Crus I)"
"f12",0.1754,"VS","G","L_PMv"
"f12",0.592,"VS","G","R_IPS/SPC"
"f13",0.284,"VS","G","L_mIPS"
"f13",0.2463,"VS","G","L_Cerebellum (Crus I)"
"f13",0.3679,"VS","G","R_S1"
"f13",0.4123,"VS","G","L_aIPS"
"f13",0.3654,"VS","G","R_Cerebellum (I-IV)"
"f13",0.4526,"VS","G","R_PMv"
"f13",0.4253,"VS","G","R_Cerebellum (VIIb)"
"f13",0.5031,"VS","G","L_Cerebellum (Crus VIIb)"
"f13",0.6091,"VS","G","L_Cerebellum (VIIIa)_1"
"f13",0.3855,"VS","G","L_Cerebellum (Crus I/II)_2"
"f13",3.271,"VS","G","R_Cerebellum (VIIa)"
"f13",0.1616,"VS","G","L_S1"
"f13",0.525,"VS","G","R_POJ"
"f13",0.1608,"VS","G","L_PMd"
"f13",1.333,"VS","G","L_Cerebellum (Crus I)_2"
"f13",0.7312,"VS","G","L_S1/M1/PMd"
"f13",2.05,"VS","G","R_Cerebellum (Crus I)"
"f13",0.3576,"VS","G","L_PMv"
"f13",1.315,"VS","G","R_IPS/SPC"
"f14",0.1634,"VS","G","L_mIPS"
"f14",-0.1433,"VS","G","L_Cerebellum (Crus I)"
"f14",0.5017,"VS","G","R_S1"
"f14",0.4694,"VS","G","L_aIPS"
"f14",0.2585,"VS","G","R_Cerebellum (I-IV)"
"f14",0.5305,"VS","G","R_PMv"
"f14",0.5528,"VS","G","R_Cerebellum (VIIb)"
"f14",0.2382,"VS","G","L_Cerebellum (Crus VIIb)"
"f14",0.1657,"VS","G","L_Cerebellum (VIIIa)_1"
"f14",0.09384,"VS","G","L_Cerebellum (Crus I/II)_2"
"f14",1.448,"VS","G","R_Cerebellum (VIIa)"
"f14",0.9955,"VS","G","L_S1"
"f14",0.8584,"VS","G","R_POJ"
"f14",0.2458,"VS","G","L_PMd"
"f14",0.3575,"VS","G","L_Cerebellum (Crus I)_2"
"f14",1.896,"VS","G","L_S1/M1/PMd"
"f14",1.485,"VS","G","R_Cerebellum (Crus I)"
"f14",0.404,"VS","G","L_PMv"
"f14",0.7247,"VS","G","R_IPS/SPC"
"f15",0.249,"VS","G","L_mIPS"
"f15",-0.187,"VS","G","L_Cerebellum (Crus I)"
"f15",0.2449,"VS","G","R_S1"
"f15",0.7537,"VS","G","L_aIPS"
"f15",0.4858,"VS","G","R_Cerebellum (I-IV)"
"f15",0.5072,"VS","G","R_PMv"
"f15",0.2673,"VS","G","R_Cerebellum (VIIb)"
"f15",0.6357,"VS","G","L_Cerebellum (Crus VIIb)"
"f15",0.4006,"VS","G","L_Cerebellum (VIIIa)_1"
"f15",0.2145,"VS","G","L_Cerebellum (Crus I/II)_2"
"f15",1.936,"VS","G","R_Cerebellum (VIIa)"
"f15",0.6929,"VS","G","L_S1"
"f15",0.8917,"VS","G","R_POJ"
"f15",0.5425,"VS","G","L_PMd"
"f15",1.06,"VS","G","L_Cerebellum (Crus I)_2"
"f15",0.8867,"VS","G","L_S1/M1/PMd"
"f15",1.92,"VS","G","R_Cerebellum (Crus I)"
"f15",0.1773,"VS","G","L_PMv"
"f15",0.8601,"VS","G","R_IPS/SPC"
"f16",-0.02736,"VS","G","L_mIPS"
"f16",0.02985,"VS","G","L_Cerebellum (Crus I)"
"f16",0.236,"VS","G","R_S1"
"f16",0.06079,"VS","G","L_aIPS"
"f16",0.0185,"VS","G","R_Cerebellum (I-IV)"
"f16",-0.1267,"VS","G","R_PMv"
"f16",0.0148,"VS","G","R_Cerebellum (VIIb)"
"f16",0.7553,"VS","G","L_Cerebellum (Crus VIIb)"
"f16",-0.1413,"VS","G","L_Cerebellum (VIIIa)_1"
"f16",0.3034,"VS","G","L_Cerebellum (Crus I/II)_2"
"f16",0.9289,"VS","G","R_Cerebellum (VIIa)"
"f16",0.2899,"VS","G","L_S1"
"f16",0.4056,"VS","G","R_POJ"
"f16",-0.2573,"VS","G","L_PMd"
"f16",1.206,"VS","G","L_Cerebellum (Crus I)_2"
"f16",0.416,"VS","G","L_S1/M1/PMd"
"f16",0.8141,"VS","G","R_Cerebellum (Crus I)"
"f16",-0.2956,"VS","G","L_PMv"
"f16",0.4694,"VS","G","R_IPS/SPC"
"f17",0.1199,"VS","G","L_mIPS"
"f17",0.08835,"VS","G","L_Cerebellum (Crus I)"
"f17",0.3423,"VS","G","R_S1"
"f17",0.3505,"VS","G","L_aIPS"
"f17",0.3448,"VS","G","R_Cerebellum (I-IV)"
"f17",0.3393,"VS","G","R_PMv"
"f17",0.481,"VS","G","R_Cerebellum (VIIb)"
"f17",0.4719,"VS","G","L_Cerebellum (Crus VIIb)"
"f17",0.196,"VS","G","L_Cerebellum (VIIIa)_1"
"f17",-0.1026,"VS","G","L_Cerebellum (Crus I/II)_2"
"f17",1.36,"VS","G","R_Cerebellum (VIIa)"
"f17",0.4801,"VS","G","L_S1"
"f17",0.4105,"VS","G","R_POJ"
"f17",-0.000155,"VS","G","L_PMd"
"f17",1.324,"VS","G","L_Cerebellum (Crus I)_2"
"f17",1.368,"VS","G","L_S1/M1/PMd"
"f17",1.224,"VS","G","R_Cerebellum (Crus I)"
"f17",0.06134,"VS","G","L_PMv"
"f17",0.495,"VS","G","R_IPS/SPC"
"f18",0.3643,"VS","G","L_mIPS"
"f18",0.02558,"VS","G","L_Cerebellum (Crus I)"
"f18",0.2844,"VS","G","R_S1"
"f18",0.5042,"VS","G","L_aIPS"
"f18",0.2835,"VS","G","R_Cerebellum (I-IV)"
"f18",0.4885,"VS","G","R_PMv"
"f18",0.1991,"VS","G","R_Cerebellum (VIIb)"
"f18",0.3585,"VS","G","L_Cerebellum (Crus VIIb)"
"f18",0.2306,"VS","G","L_Cerebellum (VIIIa)_1"
"f18",0.2768,"VS","G","L_Cerebellum (Crus I/II)_2"
"f18",1.483,"VS","G","R_Cerebellum (VIIa)"
"f18",0.4266,"VS","G","L_S1"
"f18",1.167,"VS","G","R_POJ"
"f18",0.129,"VS","G","L_PMd"
"f18",0.985,"VS","G","L_Cerebellum (Crus I)_2"
"f18",0.8984,"VS","G","L_S1/M1/PMd"
"f18",0.781,"VS","G","R_Cerebellum (Crus I)"
"f18",0.2258,"VS","G","L_PMv"
"f18",0.7813,"VS","G","R_IPS/SPC"
"f19",-0.0545,"VS","G","L_mIPS"
"f19",-0.2828,"VS","G","L_Cerebellum (Crus I)"
"f19",0.06563,"VS","G","R_S1"
"f19",0.3307,"VS","G","L_aIPS"
"f19",0.2752,"VS","G","R_Cerebellum (I-IV)"
"f19",0.1694,"VS","G","R_PMv"
"f19",0.1666,"VS","G","R_Cerebellum (VIIb)"
"f19",0.2746,"VS","G","L_Cerebellum (Crus VIIb)"
"f19",0.1161,"VS","G","L_Cerebellum (VIIIa)_1"
"f19",-0.282,"VS","G","L_Cerebellum (Crus I/II)_2"
"f19",0.722,"VS","G","R_Cerebellum (VIIa)"
"f19",0.4921,"VS","G","L_S1"
"f19",0.1949,"VS","G","R_POJ"
"f19",0.2647,"VS","G","L_PMd"
"f19",0.2749,"VS","G","L_Cerebellum (Crus I)_2"
"f19",0.8197,"VS","G","L_S1/M1/PMd"
"f19",1.02,"VS","G","R_Cerebellum (Crus I)"
"f19",-0.07261,"VS","G","L_PMv"
"f19",0.3031,"VS","G","R_IPS/SPC"
"f20",0.1128,"VS","G","L_mIPS"
"f20",-0.002419,"VS","G","L_Cerebellum (Crus I)"
"f20",0.3097,"VS","G","R_S1"
"f20",0.2682,"VS","G","L_aIPS"
"f20",0.4391,"VS","G","R_Cerebellum (I-IV)"
"f20",0.2536,"VS","G","R_PMv"
"f20",0.1985,"VS","G","R_Cerebellum (VIIb)"
"f20",0.5182,"VS","G","L_Cerebellum (Crus VIIb)"
"f20",0.7929,"VS","G","L_Cerebellum (VIIIa)_1"
"f20",0.02659,"VS","G","L_Cerebellum (Crus I/II)_2"
"f20",1.685,"VS","G","R_Cerebellum (VIIa)"
"f20",0.5021,"VS","G","L_S1"
"f20",0.7834,"VS","G","R_POJ"
"f20",0.06874,"VS","G","L_PMd"
"f20",0.8312,"VS","G","L_Cerebellum (Crus I)_2"
"f20",0.3869,"VS","G","L_S1/M1/PMd"
"f20",1.253,"VS","G","R_Cerebellum (Crus I)"
"f20",0.2771,"VS","G","L_PMv"
"f20",0.4724,"VS","G","R_IPS/SPC"
"f21",0.3163,"VS","G","L_mIPS"
"f21",-0.4038,"VS","G","L_Cerebellum (Crus I)"
"f21",1.461,"VS","G","R_S1"
"f21",0.6888,"VS","G","L_aIPS"
"f21",1.015,"VS","G","R_Cerebellum (I-IV)"
"f21",0.6745,"VS","G","R_PMv"
"f21",0.451,"VS","G","R_Cerebellum (VIIb)"
"f21",0.2868,"VS","G","L_Cerebellum (Crus VIIb)"
"f21",0.02243,"VS","G","L_Cerebellum (VIIIa)_1"
"f21",0.2044,"VS","G","L_Cerebellum (Crus I/II)_2"
"f21",2.274,"VS","G","R_Cerebellum (VIIa)"
"f21",1.061,"VS","G","L_S1"
"f21",0.9327,"VS","G","R_POJ"
"f21",0.2546,"VS","G","L_PMd"
"f21",1.297,"VS","G","L_Cerebellum (Crus I)_2"
"f21",1.182,"VS","G","L_S1/M1/PMd"
"f21",1.425,"VS","G","R_Cerebellum (Crus I)"
"f21",0.1837,"VS","G","L_PMv"
"f21",0.6962,"VS","G","R_IPS/SPC"
"f01",0.2908,"VS","T","L_mIPS"
"f01",0.3983,"VS","T","L_Cerebellum (Crus I)"
"f01",1.147,"VS","T","R_S1"
"f01",0.6843,"VS","T","L_aIPS"
"f01",0.7482,"VS","T","R_Cerebellum (I-IV)"
"f01",0.9772,"VS","T","R_PMv"
"f01",0.6677,"VS","T","R_Cerebellum (VIIb)"
"f01",0.7286,"VS","T","L_Cerebellum (Crus VIIb)"
"f01",0.542,"VS","T","L_Cerebellum (VIIIa)_1"
"f01",0.8283,"VS","T","L_Cerebellum (Crus I/II)_2"
"f01",0.4086,"VS","T","R_Cerebellum (VIIa)"
"f01",1.019,"VS","T","L_S1"
"f01",0.445,"VS","T","R_POJ"
"f01",0.3597,"VS","T","L_PMd"
"f01",1.112,"VS","T","L_Cerebellum (Crus I)_2"
"f01",1.265,"VS","T","L_S1/M1/PMd"
"f01",0.9848,"VS","T","R_Cerebellum (Crus I)"
"f01",0.7219,"VS","T","L_PMv"
"f01",0.8046,"VS","T","R_IPS/SPC"
"f02",0.4923,"VS","T","L_mIPS"
"f02",0.005785,"VS","T","L_Cerebellum (Crus I)"
"f02",0.3376,"VS","T","R_S1"
"f02",0.5422,"VS","T","L_aIPS"
"f02",0.6488,"VS","T","R_Cerebellum (I-IV)"
"f02",0.6905,"VS","T","R_PMv"
"f02",0.502,"VS","T","R_Cerebellum (VIIb)"
"f02",0.5559,"VS","T","L_Cerebellum (Crus VIIb)"
"f02",0.4386,"VS","T","L_Cerebellum (VIIIa)_1"
"f02",0.2531,"VS","T","L_Cerebellum (Crus I/II)_2"
"f02",1.897,"VS","T","R_Cerebellum (VIIa)"
"f02",0.8431,"VS","T","L_S1"
"f02",0.6889,"VS","T","R_POJ"
"f02",0.5843,"VS","T","L_PMd"
"f02",0.7659,"VS","T","L_Cerebellum (Crus I)_2"
"f02",1.269,"VS","T","L_S1/M1/PMd"
"f02",1.209,"VS","T","R_Cerebellum (Crus I)"
"f02",0.5205,"VS","T","L_PMv"
"f02",1.048,"VS","T","R_IPS/SPC"
"f03",0.3257,"VS","T","L_mIPS"
"f03",0.04785,"VS","T","L_Cerebellum (Crus I)"
"f03",0.9099,"VS","T","R_S1"
"f03",0.3162,"VS","T","L_aIPS"
"f03",0.178,"VS","T","R_Cerebellum (I-IV)"
"f03",0.3236,"VS","T","R_PMv"
"f03",-0.003689,"VS","T","R_Cerebellum (VIIb)"
"f03",0.222,"VS","T","L_Cerebellum (Crus VIIb)"
"f03",0.09606,"VS","T","L_Cerebellum (VIIIa)_1"
"f03",0.02627,"VS","T","L_Cerebellum (Crus I/II)_2"
"f03",0.8904,"VS","T","R_Cerebellum (VIIa)"
"f03",0.4748,"VS","T","L_S1"
"f03",0.2115,"VS","T","R_POJ"
"f03",0.1158,"VS","T","L_PMd"
"f03",0.6859,"VS","T","L_Cerebellum (Crus I)_2"
"f03",0.6707,"VS","T","L_S1/M1/PMd"
"f03",0.6277,"VS","T","R_Cerebellum (Crus I)"
"f03",0.2509,"VS","T","L_PMv"
"f03",0.2206,"VS","T","R_IPS/SPC"
"f04",0.2189,"VS","T","L_mIPS"
"f04",-0.1171,"VS","T","L_Cerebellum (Crus I)"
"f04",1.403,"VS","T","R_S1"
"f04",1.107,"VS","T","L_aIPS"
"f04",0.4959,"VS","T","R_Cerebellum (I-IV)"
"f04",0.2108,"VS","T","R_PMv"
"f04",0.6321,"VS","T","R_Cerebellum (VIIb)"
"f04",0.6326,"VS","T","L_Cerebellum (Crus VIIb)"
"f04",0.6246,"VS","T","L_Cerebellum (VIIIa)_1"
"f04",0.544,"VS","T","L_Cerebellum (Crus I/II)_2"
"f04",1.569,"VS","T","R_Cerebellum (VIIa)"
"f04",0.8298,"VS","T","L_S1"
"f04",1.149,"VS","T","R_POJ"
"f04",-0.1319,"VS","T","L_PMd"
"f04",0.8822,"VS","T","L_Cerebellum (Crus I)_2"
"f04",0.97,"VS","T","L_S1/M1/PMd"
"f04",0.51,"VS","T","R_Cerebellum (Crus I)"
"f04",0.09347,"VS","T","L_PMv"
"f04",0.6789,"VS","T","R_IPS/SPC"
"f05",-0.08334,"VS","T","L_mIPS"
"f05",-0.073,"VS","T","L_Cerebellum (Crus I)"
"f05",0.2351,"VS","T","R_S1"
"f05",0.1352,"VS","T","L_aIPS"
"f05",0.35,"VS","T","R_Cerebellum (I-IV)"
"f05",0.3259,"VS","T","R_PMv"
"f05",0.3991,"VS","T","R_Cerebellum (VIIb)"
"f05",0.2475,"VS","T","L_Cerebellum (Crus VIIb)"
"f05",0.000679,"VS","T","L_Cerebellum (VIIIa)_1"
"f05",0.09583,"VS","T","L_Cerebellum (Crus I/II)_2"
"f05",1.806,"VS","T","R_Cerebellum (VIIa)"
"f05",0.1312,"VS","T","L_S1"
"f05",0.4199,"VS","T","R_POJ"
"f05",0.3818,"VS","T","L_PMd"
"f05",0.4484,"VS","T","L_Cerebellum (Crus I)_2"
"f05",0.7799,"VS","T","L_S1/M1/PMd"
"f05",0.7567,"VS","T","R_Cerebellum (Crus I)"
"f05",-0.1328,"VS","T","L_PMv"
"f05",0.4973,"VS","T","R_IPS/SPC"
"f07",0.2604,"VS","T","L_mIPS"
"f07",0.1154,"VS","T","L_Cerebellum (Crus I)"
"f07",0.2984,"VS","T","R_S1"
"f07",0.4699,"VS","T","L_aIPS"
"f07",0.3168,"VS","T","R_Cerebellum (I-IV)"
"f07",0.5411,"VS","T","R_PMv"
"f07",0.4,"VS","T","R_Cerebellum (VIIb)"
"f07",0.426,"VS","T","L_Cerebellum (Crus VIIb)"
"f07",0.6757,"VS","T","L_Cerebellum (VIIIa)_1"
"f07",0.4355,"VS","T","L_Cerebellum (Crus I/II)_2"
"f07",2.76,"VS","T","R_Cerebellum (VIIa)"
"f07",0.7775,"VS","T","L_S1"
"f07",0.3789,"VS","T","R_POJ"
"f07",0.3434,"VS","T","L_PMd"
"f07",1.142,"VS","T","L_Cerebellum (Crus I)_2"
"f07",0.8838,"VS","T","L_S1/M1/PMd"
"f07",0.9113,"VS","T","R_Cerebellum (Crus I)"
"f07",0.2037,"VS","T","L_PMv"
"f07",0.5337,"VS","T","R_IPS/SPC"
"f08",0.3557,"VS","T","L_mIPS"
"f08",-0.003889,"VS","T","L_Cerebellum (Crus I)"
"f08",0.8934,"VS","T","R_S1"
"f08",1.265,"VS","T","L_aIPS"
"f08",0.8006,"VS","T","R_Cerebellum (I-IV)"
"f08",1.268,"VS","T","R_PMv"
"f08",1.407,"VS","T","R_Cerebellum (VIIb)"
"f08",1.129,"VS","T","L_Cerebellum (Crus VIIb)"
"f08",0.7059,"VS","T","L_Cerebellum (VIIIa)_1"
"f08",0.4323,"VS","T","L_Cerebellum (Crus I/II)_2"
"f08",1.696,"VS","T","R_Cerebellum (VIIa)"
"f08",1.304,"VS","T","L_S1"
"f08",1.024,"VS","T","R_POJ"
"f08",0.2774,"VS","T","L_PMd"
"f08",0.4417,"VS","T","L_Cerebellum (Crus I)_2"
"f08",1.325,"VS","T","L_S1/M1/PMd"
"f08",1.327,"VS","T","R_Cerebellum (Crus I)"
"f08",0.4162,"VS","T","L_PMv"
"f08",0.9322,"VS","T","R_IPS/SPC"
"f09",0.4924,"VS","T","L_mIPS"
"f09",0.02303,"VS","T","L_Cerebellum (Crus I)"
"f09",0.5994,"VS","T","R_S1"
"f09",0.6137,"VS","T","L_aIPS"
"f09",0.4144,"VS","T","R_Cerebellum (I-IV)"
"f09",0.716,"VS","T","R_PMv"
"f09",0.3948,"VS","T","R_Cerebellum (VIIb)"
"f09",0.3105,"VS","T","L_Cerebellum (Crus VIIb)"
"f09",0.1972,"VS","T","L_Cerebellum (VIIIa)_1"
"f09",0.1685,"VS","T","L_Cerebellum (Crus I/II)_2"
"f09",1.354,"VS","T","R_Cerebellum (VIIa)"
"f09",0.9331,"VS","T","L_S1"
"f09",0.7563,"VS","T","R_POJ"
"f09",0.8877,"VS","T","L_PMd"
"f09",0.8556,"VS","T","L_Cerebellum (Crus I)_2"
"f09",1.976,"VS","T","L_S1/M1/PMd"
"f09",0.7129,"VS","T","R_Cerebellum (Crus I)"
"f09",0.4942,"VS","T","L_PMv"
"f09",1.054,"VS","T","R_IPS/SPC"
"f10",0.3876,"VS","T","L_mIPS"
"f10",-0.01601,"VS","T","L_Cerebellum (Crus I)"
"f10",0.8872,"VS","T","R_S1"
"f10",0.5229,"VS","T","L_aIPS"
"f10",0.6932,"VS","T","R_Cerebellum (I-IV)"
"f10",0.5123,"VS","T","R_PMv"
"f10",0.6416,"VS","T","R_Cerebellum (VIIb)"
"f10",0.389,"VS","T","L_Cerebellum (Crus VIIb)"
"f10",0.1818,"VS","T","L_Cerebellum (VIIIa)_1"
"f10",0.3566,"VS","T","L_Cerebellum (Crus I/II)_2"
"f10",0.8055,"VS","T","R_Cerebellum (VIIa)"
"f10",0.5752,"VS","T","L_S1"
"f10",0.5798,"VS","T","R_POJ"
"f10",0.2204,"VS","T","L_PMd"
"f10",0.7945,"VS","T","L_Cerebellum (Crus I)_2"
"f10",1.888,"VS","T","L_S1/M1/PMd"
"f10",1.151,"VS","T","R_Cerebellum (Crus I)"
"f10",0.1462,"VS","T","L_PMv"
"f10",1.211,"VS","T","R_IPS/SPC"
"f11",0.336,"VS","T","L_mIPS"
"f11",-0.04582,"VS","T","L_Cerebellum (Crus I)"
"f11",0.3712,"VS","T","R_S1"
"f11",0.3795,"VS","T","L_aIPS"
"f11",0.2199,"VS","T","R_Cerebellum (I-IV)"
"f11",0.3373,"VS","T","R_PMv"
"f11",0.2297,"VS","T","R_Cerebellum (VIIb)"
"f11",-0.06948,"VS","T","L_Cerebellum (Crus VIIb)"
"f11",-0.03277,"VS","T","L_Cerebellum (VIIIa)_1"
"f11",-0.2394,"VS","T","L_Cerebellum (Crus I/II)_2"
"f11",0.5591,"VS","T","R_Cerebellum (VIIa)"
"f11",0.6761,"VS","T","L_S1"
"f11",0.2467,"VS","T","R_POJ"
"f11",0.2232,"VS","T","L_PMd"
"f11",0.1982,"VS","T","L_Cerebellum (Crus I)_2"
"f11",1.036,"VS","T","L_S1/M1/PMd"
"f11",0.3457,"VS","T","R_Cerebellum (Crus I)"
"f11",0.01884,"VS","T","L_PMv"
"f11",0.3466,"VS","T","R_IPS/SPC"
"f12",0.3467,"VS","T","L_mIPS"
"f12",-0.05695,"VS","T","L_Cerebellum (Crus I)"
"f12",0.6488,"VS","T","R_S1"
"f12",0.3741,"VS","T","L_aIPS"
"f12",0.3573,"VS","T","R_Cerebellum (I-IV)"
"f12",0.3811,"VS","T","R_PMv"
"f12",0.5833,"VS","T","R_Cerebellum (VIIb)"
"f12",0.3865,"VS","T","L_Cerebellum (Crus VIIb)"
"f12",0.242,"VS","T","L_Cerebellum (VIIIa)_1"
"f12",0.023,"VS","T","L_Cerebellum (Crus I/II)_2"
"f12",2.061,"VS","T","R_Cerebellum (VIIa)"
"f12",0.8008,"VS","T","L_S1"
"f12",0.4309,"VS","T","R_POJ"
"f12",0.1642,"VS","T","L_PMd"
"f12",0.5634,"VS","T","L_Cerebellum (Crus I)_2"
"f12",1.339,"VS","T","L_S1/M1/PMd"
"f12",0.9232,"VS","T","R_Cerebellum (Crus I)"
"f12",0.2783,"VS","T","L_PMv"
"f12",0.6671,"VS","T","R_IPS/SPC"
"f13",0.251,"VS","T","L_mIPS"
"f13",0.4729,"VS","T","L_Cerebellum (Crus I)"
"f13",0.3019,"VS","T","R_S1"
"f13",0.4721,"VS","T","L_aIPS"
"f13",0.4611,"VS","T","R_Cerebellum (I-IV)"
"f13",0.4191,"VS","T","R_PMv"
"f13",0.5722,"VS","T","R_Cerebellum (VIIb)"
"f13",0.5711,"VS","T","L_Cerebellum (Crus VIIb)"
"f13",0.6876,"VS","T","L_Cerebellum (VIIIa)_1"
"f13",0.6282,"VS","T","L_Cerebellum (Crus I/II)_2"
"f13",3.179,"VS","T","R_Cerebellum (VIIa)"
"f13",0.1832,"VS","T","L_S1"
"f13",0.3795,"VS","T","R_POJ"
"f13",0.1963,"VS","T","L_PMd"
"f13",1.353,"VS","T","L_Cerebellum (Crus I)_2"
"f13",0.8973,"VS","T","L_S1/M1/PMd"
"f13",2.182,"VS","T","R_Cerebellum (Crus I)"
"f13",0.3714,"VS","T","L_PMv"
"f13",1.352,"VS","T","R_IPS/SPC"
"f14",0.2297,"VS","T","L_mIPS"
"f14",0.03726,"VS","T","L_Cerebellum (Crus I)"
"f14",0.6151,"VS","T","R_S1"
"f14",0.4794,"VS","T","L_aIPS"
"f14",0.3273,"VS","T","R_Cerebellum (I-IV)"
"f14",0.5486,"VS","T","R_PMv"
"f14",0.5918,"VS","T","R_Cerebellum (VIIb)"
"f14",0.3719,"VS","T","L_Cerebellum (Crus VIIb)"
"f14",0.3061,"VS","T","L_Cerebellum (VIIIa)_1"
"f14",0.2585,"VS","T","L_Cerebellum (Crus I/II)_2"
"f14",1.639,"VS","T","R_Cerebellum (VIIa)"
"f14",1.065,"VS","T","L_S1"
"f14",0.73,"VS","T","R_POJ"
"f14",0.3795,"VS","T","L_PMd"
"f14",0.4821,"VS","T","L_Cerebellum (Crus I)_2"
"f14",1.944,"VS","T","L_S1/M1/PMd"
"f14",1.563,"VS","T","R_Cerebellum (Crus I)"
"f14",0.4308,"VS","T","L_PMv"
"f14",0.7412,"VS","T","R_IPS/SPC"
"f15",0.4575,"VS","T","L_mIPS"
"f15",0.006727,"VS","T","L_Cerebellum (Crus I)"
"f15",0.4551,"VS","T","R_S1"
"f15",0.8004,"VS","T","L_aIPS"
"f15",0.6158,"VS","T","R_Cerebellum (I-IV)"
"f15",0.6405,"VS","T","R_PMv"
"f15",0.3831,"VS","T","R_Cerebellum (VIIb)"
"f15",0.6041,"VS","T","L_Cerebellum (Crus VIIb)"
"f15",0.5489,"VS","T","L_Cerebellum (VIIIa)_1"
"f15",0.4418,"VS","T","L_Cerebellum (Crus I/II)_2"
"f15",2.552,"VS","T","R_Cerebellum (VIIa)"
"f15",0.9092,"VS","T","L_S1"
"f15",1.134,"VS","T","R_POJ"
"f15",0.5993,"VS","T","L_PMd"
"f15",1.219,"VS","T","L_Cerebellum (Crus I)_2"
"f15",1.069,"VS","T","L_S1/M1/PMd"
"f15",2.12,"VS","T","R_Cerebellum (Crus I)"
"f15",0.3418,"VS","T","L_PMv"
"f15",1.099,"VS","T","R_IPS/SPC"
"f16",-0.1337,"VS","T","L_mIPS"
"f16",0.3379,"VS","T","L_Cerebellum (Crus I)"
"f16",0.2918,"VS","T","R_S1"
"f16",0.1673,"VS","T","L_aIPS"
"f16",0.07041,"VS","T","R_Cerebellum (I-IV)"
"f16",-0.08718,"VS","T","R_PMv"
"f16",-0.02016,"VS","T","R_Cerebellum (VIIb)"
"f16",-0.03361,"VS","T","L_Cerebellum (Crus VIIb)"
"f16",-0.07033,"VS","T","L_Cerebellum (VIIIa)_1"
"f16",0.02258,"VS","T","L_Cerebellum (Crus I/II)_2"
"f16",1.593,"VS","T","R_Cerebellum (VIIa)"
"f16",0.4769,"VS","T","L_S1"
"f16",0.4019,"VS","T","R_POJ"
"f16",-0.1517,"VS","T","L_PMd"
"f16",1.214,"VS","T","L_Cerebellum (Crus I)_2"
"f16",0.5241,"VS","T","L_S1/M1/PMd"
"f16",0.8699,"VS","T","R_Cerebellum (Crus I)"
"f16",-0.3217,"VS","T","L_PMv"
"f16",0.5038,"VS","T","R_IPS/SPC"
"f17",0.1877,"VS","T","L_mIPS"
"f17",-0.06257,"VS","T","L_Cerebellum (Crus I)"
"f17",0.4859,"VS","T","R_S1"
"f17",0.4439,"VS","T","L_aIPS"
"f17",0.4303,"VS","T","R_Cerebellum (I-IV)"
"f17",0.4657,"VS","T","R_PMv"
"f17",0.4517,"VS","T","R_Cerebellum (VIIb)"
"f17",0.4092,"VS","T","L_Cerebellum (Crus VIIb)"
"f17",0.09035,"VS","T","L_Cerebellum (VIIIa)_1"
"f17",0.2192,"VS","T","L_Cerebellum (Crus I/II)_2"
"f17",1.818,"VS","T","R_Cerebellum (VIIa)"
"f17",0.535,"VS","T","L_S1"
"f17",0.3607,"VS","T","R_POJ"
"f17",0.05386,"VS","T","L_PMd"
"f17",1.293,"VS","T","L_Cerebellum (Crus I)_2"
"f17",1.522,"VS","T","L_S1/M1/PMd"
"f17",1.082,"VS","T","R_Cerebellum (Crus I)"
"f17",0.06888,"VS","T","L_PMv"
"f17",0.8544,"VS","T","R_IPS/SPC"
"f18",0.4333,"VS","T","L_mIPS"
"f18",0.057,"VS","T","L_Cerebellum (Crus I)"
"f18",0.2361,"VS","T","R_S1"
"f18",0.4984,"VS","T","L_aIPS"
"f18",0.3312,"VS","T","R_Cerebellum (I-IV)"
"f18",0.5779,"VS","T","R_PMv"
"f18",0.3351,"VS","T","R_Cerebellum (VIIb)"
"f18",0.3974,"VS","T","L_Cerebellum (Crus VIIb)"
"f18",0.2448,"VS","T","L_Cerebellum (VIIIa)_1"
"f18",0.2818,"VS","T","L_Cerebellum (Crus I/II)_2"
"f18",1.4,"VS","T","R_Cerebellum (VIIa)"
"f18",0.3658,"VS","T","L_S1"
"f18",1.048,"VS","T","R_POJ"
"f18",0.1265,"VS","T","L_PMd"
"f18",0.7912,"VS","T","L_Cerebellum (Crus I)_2"
"f18",0.8419,"VS","T","L_S1/M1/PMd"
"f18",0.8117,"VS","T","R_Cerebellum (Crus I)"
"f18",0.3602,"VS","T","L_PMv"
"f18",0.8082,"VS","T","R_IPS/SPC"
"f19",-0.05357,"VS","T","L_mIPS"
"f19",-0.1992,"VS","T","L_Cerebellum (Crus I)"
"f19",0.2223,"VS","T","R_S1"
"f19",0.4123,"VS","T","L_aIPS"
"f19",0.3672,"VS","T","R_Cerebellum (I-IV)"
"f19",0.3082,"VS","T","R_PMv"
"f19",0.06247,"VS","T","R_Cerebellum (VIIb)"
"f19",0.3646,"VS","T","L_Cerebellum (Crus VIIb)"
"f19",0.2009,"VS","T","L_Cerebellum (VIIIa)_1"
"f19",-0.05649,"VS","T","L_Cerebellum (Crus I/II)_2"
"f19",1.746,"VS","T","R_Cerebellum (VIIa)"
"f19",0.6181,"VS","T","L_S1"
"f19",0.1329,"VS","T","R_POJ"
"f19",0.2276,"VS","T","L_PMd"
"f19",0.3103,"VS","T","L_Cerebellum (Crus I)_2"
"f19",1.003,"VS","T","L_S1/M1/PMd"
"f19",1.065,"VS","T","R_Cerebellum (Crus I)"
"f19",0.06298,"VS","T","L_PMv"
"f19",0.4256,"VS","T","R_IPS/SPC"
"f20",0.2673,"VS","T","L_mIPS"
"f20",0.08741,"VS","T","L_Cerebellum (Crus I)"
"f20",0.3759,"VS","T","R_S1"
"f20",0.2491,"VS","T","L_aIPS"
"f20",0.4661,"VS","T","R_Cerebellum (I-IV)"
"f20",0.39,"VS","T","R_PMv"
"f20",0.21,"VS","T","R_Cerebellum (VIIb)"
"f20",0.6285,"VS","T","L_Cerebellum (Crus VIIb)"
"f20",0.783,"VS","T","L_Cerebellum (VIIIa)_1"
"f20",0.1048,"VS","T","L_Cerebellum (Crus I/II)_2"
"f20",1.483,"VS","T","R_Cerebellum (VIIa)"
"f20",0.5,"VS","T","L_S1"
"f20",0.638,"VS","T","R_POJ"
"f20",0.1783,"VS","T","L_PMd"
"f20",0.7559,"VS","T","L_Cerebellum (Crus I)_2"
"f20",0.562,"VS","T","L_S1/M1/PMd"
"f20",1.28,"VS","T","R_Cerebellum (Crus I)"
"f20",0.392,"VS","T","L_PMv"
"f20",0.6246,"VS","T","R_IPS/SPC"
"f21",0.1717,"VS","T","L_mIPS"
"f21",-0.4307,"VS","T","L_Cerebellum (Crus I)"
"f21",1.453,"VS","T","R_S1"
"f21",0.6385,"VS","T","L_aIPS"
"f21",1.064,"VS","T","R_Cerebellum (I-IV)"
"f21",0.65,"VS","T","R_PMv"
"f21",0.5745,"VS","T","R_Cerebellum (VIIb)"
"f21",0.2897,"VS","T","L_Cerebellum (Crus VIIb)"
"f21",0.03985,"VS","T","L_Cerebellum (VIIIa)_1"
"f21",0.1454,"VS","T","L_Cerebellum (Crus I/II)_2"
"f21",2.332,"VS","T","R_Cerebellum (VIIa)"
"f21",0.9924,"VS","T","L_S1"
"f21",0.784,"VS","T","R_POJ"
"f21",0.2339,"VS","T","L_PMd"
"f21",1.301,"VS","T","L_Cerebellum (Crus I)_2"
"f21",0.9962,"VS","T","L_S1/M1/PMd"
"f21",1.547,"VS","T","R_Cerebellum (Crus I)"
"f21",0.1272,"VS","T","L_PMv"
"f21",0.6417,"VS","T","R_IPS/SPC"
"f01",0.2999,"NV","G","L_mIPS"
"f01",0.441,"NV","G","L_Cerebellum (Crus I)"
"f01",1.132,"NV","G","R_S1"
"f01",0.8208,"NV","G","L_aIPS"
"f01",0.6791,"NV","G","R_Cerebellum (I-IV)"
"f01",0.9715,"NV","G","R_PMv"
"f01",0.6824,"NV","G","R_Cerebellum (VIIb)"
"f01",0.8293,"NV","G","L_Cerebellum (Crus VIIb)"
"f01",0.5061,"NV","G","L_Cerebellum (VIIIa)_1"
"f01",0.7748,"NV","G","L_Cerebellum (Crus I/II)_2"
"f01",1.539,"NV","G","R_Cerebellum (VIIa)"
"f01",1.182,"NV","G","L_S1"
"f01",0.6313,"NV","G","R_POJ"
"f01",0.4527,"NV","G","L_PMd"
"f01",1.213,"NV","G","L_Cerebellum (Crus I)_2"
"f01",1.642,"NV","G","L_S1/M1/PMd"
"f01",1.17,"NV","G","R_Cerebellum (Crus I)"
"f01",0.8523,"NV","G","L_PMv"
"f01",0.8176,"NV","G","R_IPS/SPC"
"f02",0.3431,"NV","G","L_mIPS"
"f02",-0.1417,"NV","G","L_Cerebellum (Crus I)"
"f02",0.4307,"NV","G","R_S1"
"f02",0.4977,"NV","G","L_aIPS"
"f02",0.4881,"NV","G","R_Cerebellum (I-IV)"
"f02",0.8345,"NV","G","R_PMv"
"f02",0.4774,"NV","G","R_Cerebellum (VIIb)"
"f02",0.4744,"NV","G","L_Cerebellum (Crus VIIb)"
"f02",0.4163,"NV","G","L_Cerebellum (VIIIa)_1"
"f02",0.09015,"NV","G","L_Cerebellum (Crus I/II)_2"
"f02",1.966,"NV","G","R_Cerebellum (VIIa)"
"f02",0.7186,"NV","G","L_S1"
"f02",0.7976,"NV","G","R_POJ"
"f02",0.7104,"NV","G","L_PMd"
"f02",0.7997,"NV","G","L_Cerebellum (Crus I)_2"
"f02",1.245,"NV","G","L_S1/M1/PMd"
"f02",1.251,"NV","G","R_Cerebellum (Crus I)"
"f02",0.42,"NV","G","L_PMv"
"f02",1.059,"NV","G","R_IPS/SPC"
"f03",0.3295,"NV","G","L_mIPS"
"f03",0.02992,"NV","G","L_Cerebellum (Crus I)"
"f03",0.8095,"NV","G","R_S1"
"f03",0.3916,"NV","G","L_aIPS"
"f03",0.3836,"NV","G","R_Cerebellum (I-IV)"
"f03",0.4707,"NV","G","R_PMv"
"f03",-0.03171,"NV","G","R_Cerebellum (VIIb)"
"f03",0.2117,"NV","G","L_Cerebellum (Crus VIIb)"
"f03",0.1545,"NV","G","L_Cerebellum (VIIIa)_1"
"f03",0.05452,"NV","G","L_Cerebellum (Crus I/II)_2"
"f03",0.6985,"NV","G","R_Cerebellum (VIIa)"
"f03",0.4244,"NV","G","L_S1"
"f03",0.2756,"NV","G","R_POJ"
"f03",0.09025,"NV","G","L_PMd"
"f03",0.6822,"NV","G","L_Cerebellum (Crus I)_2"
"f03",0.6026,"NV","G","L_S1/M1/PMd"
"f03",0.6418,"NV","G","R_Cerebellum (Crus I)"
"f03",0.2887,"NV","G","L_PMv"
"f03",0.1648,"NV","G","R_IPS/SPC"
"f04",0.1736,"NV","G","L_mIPS"
"f04",0.08972,"NV","G","L_Cerebellum (Crus I)"
"f04",1.193,"NV","G","R_S1"
"f04",1.086,"NV","G","L_aIPS"
"f04",0.4527,"NV","G","R_Cerebellum (I-IV)"
"f04",0.5991,"NV","G","R_PMv"
"f04",0.6735,"NV","G","R_Cerebellum (VIIb)"
"f04",0.6941,"NV","G","L_Cerebellum (Crus VIIb)"
"f04",0.5336,"NV","G","L_Cerebellum (VIIIa)_1"
"f04",0.3595,"NV","G","L_Cerebellum (Crus I/II)_2"
"f04",2.14,"NV","G","R_Cerebellum (VIIa)"
"f04",0.8766,"NV","G","L_S1"
"f04",1.229,"NV","G","R_POJ"
"f04",0.1033,"NV","G","L_PMd"
"f04",1.004,"NV","G","L_Cerebellum (Crus I)_2"
"f04",0.9355,"NV","G","L_S1/M1/PMd"
"f04",0.7749,"NV","G","R_Cerebellum (Crus I)"
"f04",0.2697,"NV","G","L_PMv"
"f04",0.5975,"NV","G","R_IPS/SPC"
"f05",0.04794,"NV","G","L_mIPS"
"f05",-0.04983,"NV","G","L_Cerebellum (Crus I)"
"f05",-0.02993,"NV","G","R_S1"
"f05",0.1586,"NV","G","L_aIPS"
"f05",0.3515,"NV","G","R_Cerebellum (I-IV)"
"f05",0.5738,"NV","G","R_PMv"
"f05",0.3575,"NV","G","R_Cerebellum (VIIb)"
"f05",0.4888,"NV","G","L_Cerebellum (Crus VIIb)"
"f05",0.1724,"NV","G","L_Cerebellum (VIIIa)_1"
"f05",0.1381,"NV","G","L_Cerebellum (Crus I/II)_2"
"f05",2.797,"NV","G","R_Cerebellum (VIIa)"
"f05",0.1589,"NV","G","L_S1"
"f05",0.5942,"NV","G","R_POJ"
"f05",0.493,"NV","G","L_PMd"
"f05",0.7788,"NV","G","L_Cerebellum (Crus I)_2"
"f05",0.7788,"NV","G","L_S1/M1/PMd"
"f05",1.04,"NV","G","R_Cerebellum (Crus I)"
"f05",0.1238,"NV","G","L_PMv"
"f05",0.3573,"NV","G","R_IPS/SPC"
"f07",0.1045,"NV","G","L_mIPS"
"f07",0.03045,"NV","G","L_Cerebellum (Crus I)"
"f07",0.2499,"NV","G","R_S1"
"f07",0.3986,"NV","G","L_aIPS"
"f07",0.3539,"NV","G","R_Cerebellum (I-IV)"
"f07",0.4329,"NV","G","R_PMv"
"f07",0.3729,"NV","G","R_Cerebellum (VIIb)"
"f07",0.3092,"NV","G","L_Cerebellum (Crus VIIb)"
"f07",0.4545,"NV","G","L_Cerebellum (VIIIa)_1"
"f07",0.3568,"NV","G","L_Cerebellum (Crus I/II)_2"
"f07",2.321,"NV","G","R_Cerebellum (VIIa)"
"f07",0.6222,"NV","G","L_S1"
"f07",0.4369,"NV","G","R_POJ"
"f07",0.3572,"NV","G","L_PMd"
"f07",1.261,"NV","G","L_Cerebellum (Crus I)_2"
"f07",0.8041,"NV","G","L_S1/M1/PMd"
"f07",0.65,"NV","G","R_Cerebellum (Crus I)"
"f07",0.1885,"NV","G","L_PMv"
"f07",0.4129,"NV","G","R_IPS/SPC"
"f08",0.2973,"NV","G","L_mIPS"
"f08",-0.1367,"NV","G","L_Cerebellum (Crus I)"
"f08",0.7497,"NV","G","R_S1"
"f08",1.066,"NV","G","L_aIPS"
"f08",0.9389,"NV","G","R_Cerebellum (I-IV)"
"f08",1.102,"NV","G","R_PMv"
"f08",1.553,"NV","G","R_Cerebellum (VIIb)"
"f08",1.142,"NV","G","L_Cerebellum (Crus VIIb)"
"f08",0.5322,"NV","G","L_Cerebellum (VIIIa)_1"
"f08",0.5836,"NV","G","L_Cerebellum (Crus I/II)_2"
"f08",2.018,"NV","G","R_Cerebellum (VIIa)"
"f08",1.267,"NV","G","L_S1"
"f08",0.8542,"NV","G","R_POJ"
"f08",0.2303,"NV","G","L_PMd"
"f08",0.611,"NV","G","L_Cerebellum (Crus I)_2"
"f08",1.156,"NV","G","L_S1/M1/PMd"
"f08",1.3,"NV","G","R_Cerebellum (Crus I)"
"f08",0.438,"NV","G","L_PMv"
"f08",0.7788,"NV","G","R_IPS/SPC"
"f09",0.4857,"NV","G","L_mIPS"
"f09",0.008741,"NV","G","L_Cerebellum (Crus I)"
"f09",0.3118,"NV","G","R_S1"
"f09",0.4966,"NV","G","L_aIPS"
"f09",0.3417,"NV","G","R_Cerebellum (I-IV)"
"f09",0.5635,"NV","G","R_PMv"
"f09",0.37,"NV","G","R_Cerebellum (VIIb)"
"f09",0.2716,"NV","G","L_Cerebellum (Crus VIIb)"
"f09",0.1592,"NV","G","L_Cerebellum (VIIIa)_1"
"f09",0.1763,"NV","G","L_Cerebellum (Crus I/II)_2"
"f09",1.579,"NV","G","R_Cerebellum (VIIa)"
"f09",0.8061,"NV","G","L_S1"
"f09",1.068,"NV","G","R_POJ"
"f09",0.918,"NV","G","L_PMd"
"f09",0.9882,"NV","G","L_Cerebellum (Crus I)_2"
"f09",1.929,"NV","G","L_S1/M1/PMd"
"f09",0.7366,"NV","G","R_Cerebellum (Crus I)"
"f09",0.4224,"NV","G","L_PMv"
"f09",0.836,"NV","G","R_IPS/SPC"
"f10",0.37,"NV","G","L_mIPS"
"f10",-0.2237,"NV","G","L_Cerebellum (Crus I)"
"f10",0.6821,"NV","G","R_S1"
"f10",0.5525,"NV","G","L_aIPS"
"f10",0.8536,"NV","G","R_Cerebellum (I-IV)"
"f10",0.8755,"NV","G","R_PMv"
"f10",0.5276,"NV","G","R_Cerebellum (VIIb)"
"f10",0.3105,"NV","G","L_Cerebellum (Crus VIIb)"
"f10",0.09142,"NV","G","L_Cerebellum (VIIIa)_1"
"f10",0.4873,"NV","G","L_Cerebellum (Crus I/II)_2"
"f10",1.943,"NV","G","R_Cerebellum (VIIa)"
"f10",0.5623,"NV","G","L_S1"
"f10",0.9111,"NV","G","R_POJ"
"f10",0.3653,"NV","G","L_PMd"
"f10",0.7184,"NV","G","L_Cerebellum (Crus I)_2"
"f10",1.51,"NV","G","L_S1/M1/PMd"
"f10",1.119,"NV","G","R_Cerebellum (Crus I)"
"f10",0.01648,"NV","G","L_PMv"
"f10",1.259,"NV","G","R_IPS/SPC"
"f11",0.4125,"NV","G","L_mIPS"
"f11",-0.4157,"NV","G","L_Cerebellum (Crus I)"
"f11",-0.0733,"NV","G","R_S1"
"f11",0.3116,"NV","G","L_aIPS"
"f11",0.4427,"NV","G","R_Cerebellum (I-IV)"
"f11",0.382,"NV","G","R_PMv"
"f11",0.04227,"NV","G","R_Cerebellum (VIIb)"
"f11",-0.2308,"NV","G","L_Cerebellum (Crus VIIb)"
"f11",-0.1346,"NV","G","L_Cerebellum (VIIIa)_1"
"f11",-0.5216,"NV","G","L_Cerebellum (Crus I/II)_2"
"f11",0.4851,"NV","G","R_Cerebellum (VIIa)"
"f11",0.661,"NV","G","L_S1"
"f11",0.1918,"NV","G","R_POJ"
"f11",0.3359,"NV","G","L_PMd"
"f11",0.2947,"NV","G","L_Cerebellum (Crus I)_2"
"f11",0.9832,"NV","G","L_S1/M1/PMd"
"f11",-0.104,"NV","G","R_Cerebellum (Crus I)"
"f11",-0.1066,"NV","G","L_PMv"
"f11",0.2193,"NV","G","R_IPS/SPC"
"f12",0.2802,"NV","G","L_mIPS"
"f12",-0.0852,"NV","G","L_Cerebellum (Crus I)"
"f12",0.6214,"NV","G","R_S1"
"f12",0.5315,"NV","G","L_aIPS"
"f12",0.4628,"NV","G","R_Cerebellum (I-IV)"
"f12",0.4211,"NV","G","R_PMv"
"f12",0.5232,"NV","G","R_Cerebellum (VIIb)"
"f12",0.4838,"NV","G","L_Cerebellum (Crus VIIb)"
"f12",0.2416,"NV","G","L_Cerebellum (VIIIa)_1"
"f12",0.01607,"NV","G","L_Cerebellum (Crus I/II)_2"
"f12",2.114,"NV","G","R_Cerebellum (VIIa)"
"f12",0.7203,"NV","G","L_S1"
"f12",0.6568,"NV","G","R_POJ"
"f12",0.02682,"NV","G","L_PMd"
"f12",0.6037,"NV","G","L_Cerebellum (Crus I)_2"
"f12",1.097,"NV","G","L_S1/M1/PMd"
"f12",1.008,"NV","G","R_Cerebellum (Crus I)"
"f12",0.2617,"NV","G","L_PMv"
"f12",0.6298,"NV","G","R_IPS/SPC"
"f13",0.2176,"NV","G","L_mIPS"
"f13",0.341,"NV","G","L_Cerebellum (Crus I)"
"f13",0.2519,"NV","G","R_S1"
"f13",0.3532,"NV","G","L_aIPS"
"f13",0.3787,"NV","G","R_Cerebellum (I-IV)"
"f13",0.3763,"NV","G","R_PMv"
"f13",0.4263,"NV","G","R_Cerebellum (VIIb)"
"f13",0.4352,"NV","G","L_Cerebellum (Crus VIIb)"
"f13",0.5795,"NV","G","L_Cerebellum (VIIIa)_1"
"f13",0.3842,"NV","G","L_Cerebellum (Crus I/II)_2"
"f13",2.838,"NV","G","R_Cerebellum (VIIa)"
"f13",0.1191,"NV","G","L_S1"
"f13",0.4341,"NV","G","R_POJ"
"f13",0.1081,"NV","G","L_PMd"
"f13",1.131,"NV","G","L_Cerebellum (Crus I)_2"
"f13",0.6487,"NV","G","L_S1/M1/PMd"
"f13",1.965,"NV","G","R_Cerebellum (Crus I)"
"f13",0.327,"NV","G","L_PMv"
"f13",0.9132,"NV","G","R_IPS/SPC"
"f14",0.3085,"NV","G","L_mIPS"
"f14",-0.05061,"NV","G","L_Cerebellum (Crus I)"
"f14",0.3219,"NV","G","R_S1"
"f14",0.4199,"NV","G","L_aIPS"
"f14",0.3976,"NV","G","R_Cerebellum (I-IV)"
"f14",0.481,"NV","G","R_PMv"
"f14",0.5897,"NV","G","R_Cerebellum (VIIb)"
"f14",0.4085,"NV","G","L_Cerebellum (Crus VIIb)"
"f14",0.3404,"NV","G","L_Cerebellum (VIIIa)_1"
"f14",0.1709,"NV","G","L_Cerebellum (Crus I/II)_2"
"f14",1.713,"NV","G","R_Cerebellum (VIIa)"
"f14",0.7058,"NV","G","L_S1"
"f14",0.9288,"NV","G","R_POJ"
"f14",0.2716,"NV","G","L_PMd"
"f14",0.4614,"NV","G","L_Cerebellum (Crus I)_2"
"f14",1.604,"NV","G","L_S1/M1/PMd"
"f14",1.492,"NV","G","R_Cerebellum (Crus I)"
"f14",0.341,"NV","G","L_PMv"
"f14",0.7442,"NV","G","R_IPS/SPC"
"f15",0.2221,"NV","G","L_mIPS"
"f15",-0.1419,"NV","G","L_Cerebellum (Crus I)"
"f15",0.3866,"NV","G","R_S1"
"f15",0.6829,"NV","G","L_aIPS"
"f15",0.3046,"NV","G","R_Cerebellum (I-IV)"
"f15",0.5267,"NV","G","R_PMv"
"f15",0.3057,"NV","G","R_Cerebellum (VIIb)"
"f15",0.3469,"NV","G","L_Cerebellum (Crus VIIb)"
"f15",0.4257,"NV","G","L_Cerebellum (VIIIa)_1"
"f15",0.05436,"NV","G","L_Cerebellum (Crus I/II)_2"
"f15",2.247,"NV","G","R_Cerebellum (VIIa)"
"f15",0.5584,"NV","G","L_S1"
"f15",1.108,"NV","G","R_POJ"
"f15",0.6288,"NV","G","L_PMd"
"f15",0.9606,"NV","G","L_Cerebellum (Crus I)_2"
"f15",0.9306,"NV","G","L_S1/M1/PMd"
"f15",2.063,"NV","G","R_Cerebellum (Crus I)"
"f15",0.2821,"NV","G","L_PMv"
"f15",0.7209,"NV","G","R_IPS/SPC"
"f16",0.08947,"NV","G","L_mIPS"
"f16",0.4534,"NV","G","L_Cerebellum (Crus I)"
"f16",-0.00415,"NV","G","R_S1"
"f16",0.1322,"NV","G","L_aIPS"
"f16",0.1239,"NV","G","R_Cerebellum (I-IV)"
"f16",-0.04365,"NV","G","R_PMv"
"f16",0.1717,"NV","G","R_Cerebellum (VIIb)"
"f16",0.2956,"NV","G","L_Cerebellum (Crus VIIb)"
"f16",-0.1235,"NV","G","L_Cerebellum (VIIIa)_1"
"f16",-0.2737,"NV","G","L_Cerebellum (Crus I/II)_2"
"f16",1.424,"NV","G","R_Cerebellum (VIIa)"
"f16",0.2618,"NV","G","L_S1"
"f16",0.2003,"NV","G","R_POJ"
"f16",-0.1551,"NV","G","L_PMd"
"f16",1.51,"NV","G","L_Cerebellum (Crus I)_2"
"f16",0.3753,"NV","G","L_S1/M1/PMd"
"f16",0.9303,"NV","G","R_Cerebellum (Crus I)"
"f16",-0.2319,"NV","G","L_PMv"
"f16",0.1884,"NV","G","R_IPS/SPC"
"f17",0.2061,"NV","G","L_mIPS"
"f17",0.1407,"NV","G","L_Cerebellum (Crus I)"
"f17",0.1492,"NV","G","R_S1"
"f17",0.2955,"NV","G","L_aIPS"
"f17",0.2668,"NV","G","R_Cerebellum (I-IV)"
"f17",0.3259,"NV","G","R_PMv"
"f17",0.4359,"NV","G","R_Cerebellum (VIIb)"
"f17",0.5416,"NV","G","L_Cerebellum (Crus VIIb)"
"f17",0.2267,"NV","G","L_Cerebellum (VIIIa)_1"
"f17",0.2266,"NV","G","L_Cerebellum (Crus I/II)_2"
"f17",2.266,"NV","G","R_Cerebellum (VIIa)"
"f17",0.4656,"NV","G","L_S1"
"f17",0.5524,"NV","G","R_POJ"
"f17",-0.02958,"NV","G","L_PMd"
"f17",1.472,"NV","G","L_Cerebellum (Crus I)_2"
"f17",1.35,"NV","G","L_S1/M1/PMd"
"f17",1.346,"NV","G","R_Cerebellum (Crus I)"
"f17",-0.004255,"NV","G","L_PMv"
"f17",0.6453,"NV","G","R_IPS/SPC"
"f18",0.2611,"NV","G","L_mIPS"
"f18",0.06714,"NV","G","L_Cerebellum (Crus I)"
"f18",0.2143,"NV","G","R_S1"
"f18",0.4382,"NV","G","L_aIPS"
"f18",0.4438,"NV","G","R_Cerebellum (I-IV)"
"f18",0.7508,"NV","G","R_PMv"
"f18",0.3294,"NV","G","R_Cerebellum (VIIb)"
"f18",0.4679,"NV","G","L_Cerebellum (Crus VIIb)"
"f18",0.2817,"NV","G","L_Cerebellum (VIIIa)_1"
"f18",0.2353,"NV","G","L_Cerebellum (Crus I/II)_2"
"f18",1.265,"NV","G","R_Cerebellum (VIIa)"
"f18",0.4685,"NV","G","L_S1"
"f18",1.249,"NV","G","R_POJ"
"f18",0.2156,"NV","G","L_PMd"
"f18",1.026,"NV","G","L_Cerebellum (Crus I)_2"
"f18",1.089,"NV","G","L_S1/M1/PMd"
"f18",0.9399,"NV","G","R_Cerebellum (Crus I)"
"f18",0.2604,"NV","G","L_PMv"
"f18",0.805,"NV","G","R_IPS/SPC"
"f19",0.02187,"NV","G","L_mIPS"
"f19",-0.2332,"NV","G","L_Cerebellum (Crus I)"
"f19",0.09913,"NV","G","R_S1"
"f19",0.4637,"NV","G","L_aIPS"
"f19",0.3288,"NV","G","R_Cerebellum (I-IV)"
"f19",0.2414,"NV","G","R_PMv"
"f19",0.1012,"NV","G","R_Cerebellum (VIIb)"
"f19",0.3451,"NV","G","L_Cerebellum (Crus VIIb)"
"f19",0.1141,"NV","G","L_Cerebellum (VIIIa)_1"
"f19",-0.138,"NV","G","L_Cerebellum (Crus I/II)_2"
"f19",1.108,"NV","G","R_Cerebellum (VIIa)"
"f19",0.4554,"NV","G","L_S1"
"f19",0.09896,"NV","G","R_POJ"
"f19",0.1826,"NV","G","L_PMd"
"f19",0.3735,"NV","G","L_Cerebellum (Crus I)_2"
"f19",0.8143,"NV","G","L_S1/M1/PMd"
"f19",0.9009,"NV","G","R_Cerebellum (Crus I)"
"f19",-0.01117,"NV","G","L_PMv"
"f19",0.3128,"NV","G","R_IPS/SPC"
"f20",0.3066,"NV","G","L_mIPS"
"f20",-0.04884,"NV","G","L_Cerebellum (Crus I)"
"f20",0.3066,"NV","G","R_S1"
"f20",0.3529,"NV","G","L_aIPS"
"f20",0.5507,"NV","G","R_Cerebellum (I-IV)"
"f20",0.3197,"NV","G","R_PMv"
"f20",0.3659,"NV","G","R_Cerebellum (VIIb)"
"f20",0.5514,"NV","G","L_Cerebellum (Crus VIIb)"
"f20",0.921,"NV","G","L_Cerebellum (VIIIa)_1"
"f20",-0.05298,"NV","G","L_Cerebellum (Crus I/II)_2"
"f20",1.367,"NV","G","R_Cerebellum (VIIa)"
"f20",0.4666,"NV","G","L_S1"
"f20",0.8137,"NV","G","R_POJ"
"f20",0.2338,"NV","G","L_PMd"
"f20",0.9123,"NV","G","L_Cerebellum (Crus I)_2"
"f20",0.4738,"NV","G","L_S1/M1/PMd"
"f20",1.394,"NV","G","R_Cerebellum (Crus I)"
"f20",0.3998,"NV","G","L_PMv"
"f20",0.4368,"NV","G","R_IPS/SPC"
"f21",0.04453,"NV","G","L_mIPS"
"f21",-0.4783,"NV","G","L_Cerebellum (Crus I)"
"f21",1.431,"NV","G","R_S1"
"f21",0.6754,"NV","G","L_aIPS"
"f21",1.117,"NV","G","R_Cerebellum (I-IV)"
"f21",0.5547,"NV","G","R_PMv"
"f21",0.535,"NV","G","R_Cerebellum (VIIb)"
"f21",0.2628,"NV","G","L_Cerebellum (Crus VIIb)"
"f21",-0.1042,"NV","G","L_Cerebellum (VIIIa)_1"
"f21",0.2239,"NV","G","L_Cerebellum (Crus I/II)_2"
"f21",1.862,"NV","G","R_Cerebellum (VIIa)"
"f21",1.088,"NV","G","L_S1"
"f21",0.6938,"NV","G","R_POJ"
"f21",0.2059,"NV","G","L_PMd"
"f21",1.017,"NV","G","L_Cerebellum (Crus I)_2"
"f21",1.057,"NV","G","L_S1/M1/PMd"
"f21",1.351,"NV","G","R_Cerebellum (Crus I)"
"f21",0.03217,"NV","G","L_PMv"
"f21",0.6909,"NV","G","R_IPS/SPC"
"f01",0.3383,"NV","T","L_mIPS"
"f01",0.5072,"NV","T","L_Cerebellum (Crus I)"
"f01",0.9186,"NV","T","R_S1"
"f01",0.711,"NV","T","L_aIPS"
"f01",0.7638,"NV","T","R_Cerebellum (I-IV)"
"f01",0.7975,"NV","T","R_PMv"
"f01",0.6918,"NV","T","R_Cerebellum (VIIb)"
"f01",0.7517,"NV","T","L_Cerebellum (Crus VIIb)"
"f01",0.6694,"NV","T","L_Cerebellum (VIIIa)_1"
"f01",0.8415,"NV","T","L_Cerebellum (Crus I/II)_2"
"f01",0.9427,"NV","T","R_Cerebellum (VIIa)"
"f01",1.042,"NV","T","L_S1"
"f01",0.5971,"NV","T","R_POJ"
"f01",0.4621,"NV","T","L_PMd"
"f01",1.097,"NV","T","L_Cerebellum (Crus I)_2"
"f01",1.45,"NV","T","L_S1/M1/PMd"
"f01",1.152,"NV","T","R_Cerebellum (Crus I)"
"f01",0.7986,"NV","T","L_PMv"
"f01",0.7212,"NV","T","R_IPS/SPC"
"f02",0.4001,"NV","T","L_mIPS"
"f02",-0.2245,"NV","T","L_Cerebellum (Crus I)"
"f02",0.206,"NV","T","R_S1"
"f02",0.5198,"NV","T","L_aIPS"
"f02",0.4571,"NV","T","R_Cerebellum (I-IV)"
"f02",0.6152,"NV","T","R_PMv"
"f02",0.2688,"NV","T","R_Cerebellum (VIIb)"
"f02",0.386,"NV","T","L_Cerebellum (Crus VIIb)"
"f02",0.3703,"NV","T","L_Cerebellum (VIIIa)_1"
"f02",0.2411,"NV","T","L_Cerebellum (Crus I/II)_2"
"f02",1.173,"NV","T","R_Cerebellum (VIIa)"
"f02",0.628,"NV","T","L_S1"
"f02",0.5039,"NV","T","R_POJ"
"f02",0.554,"NV","T","L_PMd"
"f02",0.5217,"NV","T","L_Cerebellum (Crus I)_2"
"f02",1.091,"NV","T","L_S1/M1/PMd"
"f02",0.8282,"NV","T","R_Cerebellum (Crus I)"
"f02",0.407,"NV","T","L_PMv"
"f02",0.8072,"NV","T","R_IPS/SPC"
"f03",0.2586,"NV","T","L_mIPS"
"f03",-0.001277,"NV","T","L_Cerebellum (Crus I)"
"f03",0.7881,"NV","T","R_S1"
"f03",0.3774,"NV","T","L_aIPS"
"f03",0.06001,"NV","T","R_Cerebellum (I-IV)"
"f03",0.4362,"NV","T","R_PMv"
"f03",-0.1196,"NV","T","R_Cerebellum (VIIb)"
"f03",0.1801,"NV","T","L_Cerebellum (Crus VIIb)"
"f03",0.07707,"NV","T","L_Cerebellum (VIIIa)_1"
"f03",-0.007032,"NV","T","L_Cerebellum (Crus I/II)_2"
"f03",0.7342,"NV","T","R_Cerebellum (VIIa)"
"f03",0.326,"NV","T","L_S1"
"f03",0.2514,"NV","T","R_POJ"
"f03",0.03514,"NV","T","L_PMd"
"f03",0.5339,"NV","T","L_Cerebellum (Crus I)_2"
"f03",0.5875,"NV","T","L_S1/M1/PMd"
"f03",0.7034,"NV","T","R_Cerebellum (Crus I)"
"f03",0.1097,"NV","T","L_PMv"
"f03",0.1527,"NV","T","R_IPS/SPC"
"f04",0.1203,"NV","T","L_mIPS"
"f04",-0.1376,"NV","T","L_Cerebellum (Crus I)"
"f04",0.9497,"NV","T","R_S1"
"f04",0.991,"NV","T","L_aIPS"
"f04",0.3428,"NV","T","R_Cerebellum (I-IV)"
"f04",-0.1318,"NV","T","R_PMv"
"f04",0.733,"NV","T","R_Cerebellum (VIIb)"
"f04",0.5209,"NV","T","L_Cerebellum (Crus VIIb)"
"f04",0.4873,"NV","T","L_Cerebellum (VIIIa)_1"
"f04",0.5022,"NV","T","L_Cerebellum (Crus I/II)_2"
"f04",1.18,"NV","T","R_Cerebellum (VIIa)"
"f04",0.7174,"NV","T","L_S1"
"f04",0.4829,"NV","T","R_POJ"
"f04",-0.218,"NV","T","L_PMd"
"f04",0.6678,"NV","T","L_Cerebellum (Crus I)_2"
"f04",0.8033,"NV","T","L_S1/M1/PMd"
"f04",0.2415,"NV","T","R_Cerebellum (Crus I)"
"f04",-0.01152,"NV","T","L_PMv"
"f04",0.4174,"NV","T","R_IPS/SPC"
"f05",-0.03857,"NV","T","L_mIPS"
"f05",-0.1472,"NV","T","L_Cerebellum (Crus I)"
"f05",0.02754,"NV","T","R_S1"
"f05",0.1353,"NV","T","L_aIPS"
"f05",0.4377,"NV","T","R_Cerebellum (I-IV)"
"f05",0.2214,"NV","T","R_PMv"
"f05",0.3537,"NV","T","R_Cerebellum (VIIb)"
"f05",0.3893,"NV","T","L_Cerebellum (Crus VIIb)"
"f05",0.1256,"NV","T","L_Cerebellum (VIIIa)_1"
"f05",-0.06352,"NV","T","L_Cerebellum (Crus I/II)_2"
"f05",1.536,"NV","T","R_Cerebellum (VIIa)"
"f05",0.06205,"NV","T","L_S1"
"f05",0.3008,"NV","T","R_POJ"
"f05",0.3596,"NV","T","L_PMd"
"f05",0.3218,"NV","T","L_Cerebellum (Crus I)_2"
"f05",0.7084,"NV","T","L_S1/M1/PMd"
"f05",0.5996,"NV","T","R_Cerebellum (Crus I)"
"f05",-0.005378,"NV","T","L_PMv"
"f05",0.2293,"NV","T","R_IPS/SPC"
"f07",0.1861,"NV","T","L_mIPS"
"f07",0.07277,"NV","T","L_Cerebellum (Crus I)"
"f07",0.2737,"NV","T","R_S1"
"f07",0.3347,"NV","T","L_aIPS"
"f07",0.4119,"NV","T","R_Cerebellum (I-IV)"
"f07",0.5874,"NV","T","R_PMv"
"f07",0.345,"NV","T","R_Cerebellum (VIIb)"
"f07",0.2185,"NV","T","L_Cerebellum (Crus VIIb)"
"f07",0.4068,"NV","T","L_Cerebellum (VIIIa)_1"
"f07",0.1354,"NV","T","L_Cerebellum (Crus I/II)_2"
"f07",1.733,"NV","T","R_Cerebellum (VIIa)"
"f07",0.5972,"NV","T","L_S1"
"f07",0.1926,"NV","T","R_POJ"
"f07",0.3938,"NV","T","L_PMd"
"f07",0.8845,"NV","T","L_Cerebellum (Crus I)_2"
"f07",0.8215,"NV","T","L_S1/M1/PMd"
"f07",0.2832,"NV","T","R_Cerebellum (Crus I)"
"f07",0.05196,"NV","T","L_PMv"
"f07",0.3496,"NV","T","R_IPS/SPC"
"f08",0.3771,"NV","T","L_mIPS"
"f08",-0.2369,"NV","T","L_Cerebellum (Crus I)"
"f08",0.7905,"NV","T","R_S1"
"f08",1.063,"NV","T","L_aIPS"
"f08",0.9985,"NV","T","R_Cerebellum (I-IV)"
"f08",1.29,"NV","T","R_PMv"
"f08",1.433,"NV","T","R_Cerebellum (VIIb)"
"f08",1.035,"NV","T","L_Cerebellum (Crus VIIb)"
"f08",0.4597,"NV","T","L_Cerebellum (VIIIa)_1"
"f08",0.4723,"NV","T","L_Cerebellum (Crus I/II)_2"
"f08",1.72,"NV","T","R_Cerebellum (VIIa)"
"f08",1.336,"NV","T","L_S1"
"f08",0.8199,"NV","T","R_POJ"
"f08",0.2693,"NV","T","L_PMd"
"f08",0.3455,"NV","T","L_Cerebellum (Crus I)_2"
"f08",1.02,"NV","T","L_S1/M1/PMd"
"f08",1.174,"NV","T","R_Cerebellum (Crus I)"
"f08",0.352,"NV","T","L_PMv"
"f08",0.7967,"NV","T","R_IPS/SPC"
"f09",0.512,"NV","T","L_mIPS"
"f09",0.03982,"NV","T","L_Cerebellum (Crus I)"
"f09",0.4589,"NV","T","R_S1"
"f09",0.5035,"NV","T","L_aIPS"
"f09",0.2746,"NV","T","R_Cerebellum (I-IV)"
"f09",0.5983,"NV","T","R_PMv"
"f09",0.3188,"NV","T","R_Cerebellum (VIIb)"
"f09",0.1706,"NV","T","L_Cerebellum (Crus VIIb)"
"f09",0.1216,"NV","T","L_Cerebellum (VIIIa)_1"
"f09",0.0599,"NV","T","L_Cerebellum (Crus I/II)_2"
"f09",1.22,"NV","T","R_Cerebellum (VIIa)"
"f09",0.8049,"NV","T","L_S1"
"f09",0.6926,"NV","T","R_POJ"
"f09",0.9362,"NV","T","L_PMd"
"f09",0.6487,"NV","T","L_Cerebellum (Crus I)_2"
"f09",1.771,"NV","T","L_S1/M1/PMd"
"f09",0.5259,"NV","T","R_Cerebellum (Crus I)"
"f09",0.3944,"NV","T","L_PMv"
"f09",0.8931,"NV","T","R_IPS/SPC"
"f10",0.3008,"NV","T","L_mIPS"
"f10",0.1875,"NV","T","L_Cerebellum (Crus I)"
"f10",0.61,"NV","T","R_S1"
"f10",0.6691,"NV","T","L_aIPS"
"f10",0.939,"NV","T","R_Cerebellum (I-IV)"
"f10",0.7383,"NV","T","R_PMv"
"f10",0.537,"NV","T","R_Cerebellum (VIIb)"
"f10",0.346,"NV","T","L_Cerebellum (Crus VIIb)"
"f10",0.2606,"NV","T","L_Cerebellum (VIIIa)_1"
"f10",0.4528,"NV","T","L_Cerebellum (Crus I/II)_2"
"f10",1.261,"NV","T","R_Cerebellum (VIIa)"
"f10",0.5162,"NV","T","L_S1"
"f10",0.4146,"NV","T","R_POJ"
"f10",0.1865,"NV","T","L_PMd"
"f10",0.7064,"NV","T","L_Cerebellum (Crus I)_2"
"f10",1.511,"NV","T","L_S1/M1/PMd"
"f10",0.9153,"NV","T","R_Cerebellum (Crus I)"
"f10",0.1877,"NV","T","L_PMv"
"f10",1.158,"NV","T","R_IPS/SPC"
"f11",0.3133,"NV","T","L_mIPS"
"f11",-0.3954,"NV","T","L_Cerebellum (Crus I)"
"f11",0.09036,"NV","T","R_S1"
"f11",0.4453,"NV","T","L_aIPS"
"f11",0.4499,"NV","T","R_Cerebellum (I-IV)"
"f11",0.3352,"NV","T","R_PMv"
"f11",0.09087,"NV","T","R_Cerebellum (VIIb)"
"f11",-0.1257,"NV","T","L_Cerebellum (Crus VIIb)"
"f11",-0.1292,"NV","T","L_Cerebellum (VIIIa)_1"
"f11",-0.3913,"NV","T","L_Cerebellum (Crus I/II)_2"
"f11",0.02152,"NV","T","R_Cerebellum (VIIa)"
"f11",0.7986,"NV","T","L_S1"
"f11",0.2501,"NV","T","R_POJ"
"f11",0.1224,"NV","T","L_PMd"
"f11",-0.1034,"NV","T","L_Cerebellum (Crus I)_2"
"f11",0.9112,"NV","T","L_S1/M1/PMd"
"f11",-0.2389,"NV","T","R_Cerebellum (Crus I)"
"f11",-0.1042,"NV","T","L_PMv"
"f11",0.1698,"NV","T","R_IPS/SPC"
"f12",0.2483,"NV","T","L_mIPS"
"f12",-0.174,"NV","T","L_Cerebellum (Crus I)"
"f12",0.6382,"NV","T","R_S1"
"f12",0.4072,"NV","T","L_aIPS"
"f12",0.2653,"NV","T","R_Cerebellum (I-IV)"
"f12",0.3282,"NV","T","R_PMv"
"f12",0.4924,"NV","T","R_Cerebellum (VIIb)"
"f12",0.4602,"NV","T","L_Cerebellum (Crus VIIb)"
"f12",0.2037,"NV","T","L_Cerebellum (VIIIa)_1"
"f12",-0.002687,"NV","T","L_Cerebellum (Crus I/II)_2"
"f12",1.888,"NV","T","R_Cerebellum (VIIa)"
"f12",0.7019,"NV","T","L_S1"
"f12",0.3695,"NV","T","R_POJ"
"f12",0.02714,"NV","T","L_PMd"
"f12",0.4925,"NV","T","L_Cerebellum (Crus I)_2"
"f12",1.202,"NV","T","L_S1/M1/PMd"
"f12",0.82,"NV","T","R_Cerebellum (Crus I)"
"f12",0.1877,"NV","T","L_PMv"
"f12",0.4705,"NV","T","R_IPS/SPC"
"f13",0.1569,"NV","T","L_mIPS"
"f13",0.159,"NV","T","L_Cerebellum (Crus I)"
"f13",0.1674,"NV","T","R_S1"
"f13",0.3821,"NV","T","L_aIPS"
"f13",0.2502,"NV","T","R_Cerebellum (I-IV)"
"f13",0.3016,"NV","T","R_PMv"
"f13",0.3781,"NV","T","R_Cerebellum (VIIb)"
"f13",0.437,"NV","T","L_Cerebellum (Crus VIIb)"
"f13",0.4549,"NV","T","L_Cerebellum (VIIIa)_1"
"f13",0.3628,"NV","T","L_Cerebellum (Crus I/II)_2"
"f13",2.762,"NV","T","R_Cerebellum (VIIa)"
"f13",0.09736,"NV","T","L_S1"
"f13",0.3713,"NV","T","R_POJ"
"f13",0.08429,"NV","T","L_PMd"
"f13",1.007,"NV","T","L_Cerebellum (Crus I)_2"
"f13",0.6894,"NV","T","L_S1/M1/PMd"
"f13",1.553,"NV","T","R_Cerebellum (Crus I)"
"f13",0.2014,"NV","T","L_PMv"
"f13",1.015,"NV","T","R_IPS/SPC"
"f14",0.2283,"NV","T","L_mIPS"
"f14",0.005004,"NV","T","L_Cerebellum (Crus I)"
"f14",0.3113,"NV","T","R_S1"
"f14",0.3894,"NV","T","L_aIPS"
"f14",0.3303,"NV","T","R_Cerebellum (I-IV)"
"f14",0.5108,"NV","T","R_PMv"
"f14",0.6781,"NV","T","R_Cerebellum (VIIb)"
"f14",0.3226,"NV","T","L_Cerebellum (Crus VIIb)"
"f14",0.3157,"NV","T","L_Cerebellum (VIIIa)_1"
"f14",0.1197,"NV","T","L_Cerebellum (Crus I/II)_2"
"f14",1.558,"NV","T","R_Cerebellum (VIIa)"
"f14",0.7137,"NV","T","L_S1"
"f14",0.7598,"NV","T","R_POJ"
"f14",0.2796,"NV","T","L_PMd"
"f14",0.4718,"NV","T","L_Cerebellum (Crus I)_2"
"f14",1.619,"NV","T","L_S1/M1/PMd"
"f14",1.594,"NV","T","R_Cerebellum (Crus I)"
"f14",0.296,"NV","T","L_PMv"
"f14",0.6607,"NV","T","R_IPS/SPC"
"f15",0.08878,"NV","T","L_mIPS"
"f15",-0.1486,"NV","T","L_Cerebellum (Crus I)"
"f15",0.232,"NV","T","R_S1"
"f15",0.614,"NV","T","L_aIPS"
"f15",0.3647,"NV","T","R_Cerebellum (I-IV)"
"f15",0.3539,"NV","T","R_PMv"
"f15",0.2437,"NV","T","R_Cerebellum (VIIb)"
"f15",0.3077,"NV","T","L_Cerebellum (Crus VIIb)"
"f15",0.3647,"NV","T","L_Cerebellum (VIIIa)_1"
"f15",0.04792,"NV","T","L_Cerebellum (Crus I/II)_2"
"f15",2.213,"NV","T","R_Cerebellum (VIIa)"
"f15",0.5678,"NV","T","L_S1"
"f15",0.8357,"NV","T","R_POJ"
"f15",0.3633,"NV","T","L_PMd"
"f15",0.7342,"NV","T","L_Cerebellum (Crus I)_2"
"f15",0.8744,"NV","T","L_S1/M1/PMd"
"f15",1.704,"NV","T","R_Cerebellum (Crus I)"
"f15",0.1087,"NV","T","L_PMv"
"f15",0.688,"NV","T","R_IPS/SPC"
"f16",-0.1712,"NV","T","L_mIPS"
"f16",-0.1995,"NV","T","L_Cerebellum (Crus I)"
"f16",0.04876,"NV","T","R_S1"
"f16",0.1821,"NV","T","L_aIPS"
"f16",-0.0584,"NV","T","R_Cerebellum (I-IV)"
"f16",-0.1285,"NV","T","R_PMv"
"f16",-0.04873,"NV","T","R_Cerebellum (VIIb)"
"f16",-0.5989,"NV","T","L_Cerebellum (Crus VIIb)"
"f16",-0.2191,"NV","T","L_Cerebellum (VIIIa)_1"
"f16",-1.256,"NV","T","L_Cerebellum (Crus I/II)_2"
"f16",1.559,"NV","T","R_Cerebellum (VIIa)"
"f16",0.2748,"NV","T","L_S1"
"f16",0.009144,"NV","T","R_POJ"
"f16",-0.1431,"NV","T","L_PMd"
"f16",0.7261,"NV","T","L_Cerebellum (Crus I)_2"
"f16",0.3791,"NV","T","L_S1/M1/PMd"
"f16",0.9972,"NV","T","R_Cerebellum (Crus I)"
"f16",-0.3394,"NV","T","L_PMv"
"f16",0.1855,"NV","T","R_IPS/SPC"
"f17",0.05152,"NV","T","L_mIPS"
"f17",-0.01343,"NV","T","L_Cerebellum (Crus I)"
"f17",0.3123,"NV","T","R_S1"
"f17",0.3954,"NV","T","L_aIPS"
"f17",0.2759,"NV","T","R_Cerebellum (I-IV)"
"f17",0.3952,"NV","T","R_PMv"
"f17",0.34,"NV","T","R_Cerebellum (VIIb)"
"f17",0.4221,"NV","T","L_Cerebellum (Crus VIIb)"
"f17",0.1165,"NV","T","L_Cerebellum (VIIIa)_1"
"f17",0.04937,"NV","T","L_Cerebellum (Crus I/II)_2"
"f17",1.942,"NV","T","R_Cerebellum (VIIa)"
"f17",0.5574,"NV","T","L_S1"
"f17",0.429,"NV","T","R_POJ"
"f17",0.065,"NV","T","L_PMd"
"f17",1.24,"NV","T","L_Cerebellum (Crus I)_2"
"f17",1.429,"NV","T","L_S1/M1/PMd"
"f17",1.131,"NV","T","R_Cerebellum (Crus I)"
"f17",0.1585,"NV","T","L_PMv"
"f17",0.8861,"NV","T","R_IPS/SPC"
"f18",0.33,"NV","T","L_mIPS"
"f18",0.03656,"NV","T","L_Cerebellum (Crus I)"
"f18",0.1539,"NV","T","R_S1"
"f18",0.2949,"NV","T","L_aIPS"
"f18",0.391,"NV","T","R_Cerebellum (I-IV)"
"f18",0.5183,"NV","T","R_PMv"
"f18",0.3396,"NV","T","R_Cerebellum (VIIb)"
"f18",0.3371,"NV","T","L_Cerebellum (Crus VIIb)"
"f18",0.2456,"NV","T","L_Cerebellum (VIIIa)_1"
"f18",0.1528,"NV","T","L_Cerebellum (Crus I/II)_2"
"f18",1.315,"NV","T","R_Cerebellum (VIIa)"
"f18",0.4747,"NV","T","L_S1"
"f18",0.9257,"NV","T","R_POJ"
"f18",0.137,"NV","T","L_PMd"
"f18",0.7438,"NV","T","L_Cerebellum (Crus I)_2"
"f18",1.01,"NV","T","L_S1/M1/PMd"
"f18",0.7633,"NV","T","R_Cerebellum (Crus I)"
"f18",0.2343,"NV","T","L_PMv"
"f18",0.6493,"NV","T","R_IPS/SPC"
"f19",-0.1311,"NV","T","L_mIPS"
"f19",-0.3341,"NV","T","L_Cerebellum (Crus I)"
"f19",0.01485,"NV","T","R_S1"
"f19",0.3651,"NV","T","L_aIPS"
"f19",0.3785,"NV","T","R_Cerebellum (I-IV)"
"f19",0.12,"NV","T","R_PMv"
"f19",0.0423,"NV","T","R_Cerebellum (VIIb)"
"f19",0.1967,"NV","T","L_Cerebellum (Crus VIIb)"
"f19",-0.02798,"NV","T","L_Cerebellum (VIIIa)_1"
"f19",-0.2745,"NV","T","L_Cerebellum (Crus I/II)_2"
"f19",1.287,"NV","T","R_Cerebellum (VIIa)"
"f19",0.4269,"NV","T","L_S1"
"f19",0.00541,"NV","T","R_POJ"
"f19",0.1398,"NV","T","L_PMd"
"f19",0.1693,"NV","T","L_Cerebellum (Crus I)_2"
"f19",0.7751,"NV","T","L_S1/M1/PMd"
"f19",0.7396,"NV","T","R_Cerebellum (Crus I)"
"f19",-0.1367,"NV","T","L_PMv"
"f19",0.06145,"NV","T","R_IPS/SPC"
"f20",0.1349,"NV","T","L_mIPS"
"f20",0.005715,"NV","T","L_Cerebellum (Crus I)"
"f20",0.1832,"NV","T","R_S1"
"f20",0.2409,"NV","T","L_aIPS"
"f20",0.6156,"NV","T","R_Cerebellum (I-IV)"
"f20",0.1236,"NV","T","R_PMv"
"f20",0.05742,"NV","T","R_Cerebellum (VIIb)"
"f20",0.4149,"NV","T","L_Cerebellum (Crus VIIb)"
"f20",0.6553,"NV","T","L_Cerebellum (VIIIa)_1"
"f20",-0.09061,"NV","T","L_Cerebellum (Crus I/II)_2"
"f20",1.14,"NV","T","R_Cerebellum (VIIa)"
"f20",0.3005,"NV","T","L_S1"
"f20",0.2894,"NV","T","R_POJ"
"f20",0.1474,"NV","T","L_PMd"
"f20",0.7402,"NV","T","L_Cerebellum (Crus I)_2"
"f20",0.4691,"NV","T","L_S1/M1/PMd"
"f20",1.103,"NV","T","R_Cerebellum (Crus I)"
"f20",0.1497,"NV","T","L_PMv"
"f20",0.276,"NV","T","R_IPS/SPC"
"f21",0.03744,"NV","T","L_mIPS"
"f21",-0.5248,"NV","T","L_Cerebellum (Crus I)"
"f21",1.253,"NV","T","R_S1"
"f21",0.5749,"NV","T","L_aIPS"
"f21",0.7799,"NV","T","R_Cerebellum (I-IV)"
"f21",0.3851,"NV","T","R_PMv"
"f21",0.3767,"NV","T","R_Cerebellum (VIIb)"
"f21",0.02086,"NV","T","L_Cerebellum (Crus VIIb)"
"f21",-0.1514,"NV","T","L_Cerebellum (VIIIa)_1"
"f21",-0.1079,"NV","T","L_Cerebellum (Crus I/II)_2"
"f21",2.144,"NV","T","R_Cerebellum (VIIa)"
"f21",0.9752,"NV","T","L_S1"
"f21",0.7138,"NV","T","R_POJ"
"f21",0.1215,"NV","T","L_PMd"
"f21",1.024,"NV","T","L_Cerebellum (Crus I)_2"
"f21",0.9234,"NV","T","L_S1/M1/PMd"
"f21",1.272,"NV","T","R_Cerebellum (Crus I)"
"f21",0.1052,"NV","T","L_PMv"
"f21",0.5686,"NV","T","R_IPS/SPC"
